<?xml version="1.0" encoding="UTF-8"?>
<GenRun Id="synth_1" LaunchPart="xc7a35tcpg236-1" LaunchTime="1492668494">
  <File Type="RDS-PROPCONSTRS" Name="thirtytwobit_adder_drc_synth.rpt"/>
  <File Type="PA-TCL" Name="thirtytwobit_adder.tcl"/>
  <File Type="RDS-RDS" Name="thirtytwobit_adder.vds"/>
  <File Type="RDS-UTIL" Name="thirtytwobit_adder_utilization_synth.rpt"/>
  <File Type="RDS-UTIL-PB" Name="thirtytwobit_adder_utilization_synth.pb"/>
  <File Type="RDS-DCP" Name="thirtytwobit_adder.dcp"/>
  <File Type="VDS-TIMINGSUMMARY" Name="thirtytwobit_adder_timing_summary_synth.rpt"/>
  <File Type="VDS-TIMING-PB" Name="thirtytwobit_adder_timing_summary_synth.pb"/>
  <FileSet Name="sources" Type="DesignSrcs" RelSrcDir="$PSRCDIR/sources_1">
    <Filter Type="Srcs"/>
    <File Path="$PSRCDIR/sources_1/new/full_adder.vhd">
      <FileInfo>
        <Attr Name="UsedIn" Val="synthesis"/>
        <Attr Name="UsedIn" Val="simulation"/>
      </FileInfo>
    </File>
    <File Path="$PSRCDIR/sources_1/new/thirtytwobit_adder.vhd">
      <FileInfo>
        <Attr Name="UsedIn" Val="synthesis"/>
        <Attr Name="UsedIn" Val="simulation"/>
      </FileInfo>
    </File>
    <Config>
      <Option Name="DesignMode" Val="RTL"/>
      <Option Name="TopModule" Val="thirtytwobit_adder"/>
      <Option Name="TopAutoSet" Val="TRUE"/>
    </Config>
  </FileSet>
  <FileSet Name="constrs_in" Type="Constrs" RelSrcDir="$PSRCDIR/constrs_1">
    <Filter Type="Constrs"/>
    <File Path="$PPRDIR/../../../../../../../../Downloads/Basys3_Master.xdc">
      <FileInfo>
        <Attr Name="UsedIn" Val="synthesis"/>
        <Attr Name="UsedIn" Val="implementation"/>
      </FileInfo>
    </File>
    <Config>
      <Option Name="ConstrsType" Val="XDC"/>
    </Config>
  </FileSet>
  <Strategy Version="1" Minor="2">
    <StratHandle Name="Vivado Synthesis Defaults" Flow="Vivado Synthesis 2016"/>
    <Step Id="synth_design"/>
  </Strategy>
</GenRun>
