<?xml version="1.0" encoding="UTF-8"?>
<GenRun Id="synth_1" LaunchPart="xc7a35tcsg324-3" LaunchTime="1492631624">
  <File Type="RDS-PROPCONSTRS" Name="RegisterFile_drc_synth.rpt"/>
  <File Type="PA-TCL" Name="RegisterFile.tcl"/>
  <File Type="RDS-RDS" Name="RegisterFile.vds"/>
  <File Type="RDS-UTIL" Name="RegisterFile_utilization_synth.rpt"/>
  <File Type="RDS-UTIL-PB" Name="RegisterFile_utilization_synth.pb"/>
  <File Type="RDS-DCP" Name="RegisterFile.dcp"/>
  <File Type="VDS-TIMINGSUMMARY" Name="RegisterFile_timing_summary_synth.rpt"/>
  <File Type="VDS-TIMING-PB" Name="RegisterFile_timing_summary_synth.pb"/>
  <FileSet Name="sources" Type="DesignSrcs" RelSrcDir="$PSRCDIR/sources_1">
    <Filter Type="Srcs"/>
    <File Path="$PPRDIR/../PROJECTS_23_LEARNING_FILES/Tutorial/tutorial.vhd">
      <FileInfo>
        <Attr Name="UsedIn" Val="synthesis"/>
        <Attr Name="UsedIn" Val="simulation"/>
      </FileInfo>
    </File>
    <Config>
      <Option Name="DesignMode" Val="RTL"/>
      <Option Name="TopModule" Val="RegisterFile"/>
      <Option Name="TopAutoSet" Val="TRUE"/>
    </Config>
  </FileSet>
  <FileSet Name="constrs_in" Type="Constrs" RelSrcDir="$PSRCDIR/constrs_1">
    <Filter Type="Constrs"/>
    <File Path="$PSRCDIR/constrs_1/imports/Tutorial/Basys3_Master.xdc">
      <FileInfo>
        <Attr Name="ImportPath" Val="$PPRDIR/../Tutorial/Tutorial/Basys3_Master.xdc"/>
        <Attr Name="ImportTime" Val="1439238284"/>
        <Attr Name="UsedIn" Val="synthesis"/>
        <Attr Name="UsedIn" Val="implementation"/>
      </FileInfo>
    </File>
    <Config>
      <Option Name="ConstrsType" Val="XDC"/>
    </Config>
  </FileSet>
  <Strategy Version="1" Minor="2">
    <StratHandle Name="Vivado Synthesis Defaults" Flow="Vivado Synthesis 2016"/>
    <Step Id="synth_design"/>
  </Strategy>
</GenRun>
