<?xml version="1.0" encoding="UTF-8"?>
<GenRun Id="impl_1" LaunchPart="xc7a35tcsg324-3" LaunchTime="1492657277">
  <File Type="PWROPT-DRC" Name="SRAM_drc_pwropted.rpt"/>
  <File Type="OPT-METHODOLOGY-DRC" Name="SRAM_methodology_drc_opted.rpt"/>
  <File Type="INIT-TIMING" Name="SRAM_timing_summary_init.rpt"/>
  <File Type="ROUTE-PWR-RPX" Name="SRAM_power_routed.rpx"/>
  <File Type="PA-TCL" Name="SRAM.tcl"/>
  <File Type="OPT-HWDEF" Name="SRAM.hwdef"/>
  <File Type="RDI-RDI" Name="SRAM.vdi"/>
  <File Type="OPT-DCP" Name="SRAM_opt.dcp"/>
  <File Type="OPT-DRC" Name="SRAM_drc_opted.rpt"/>
  <File Type="OPT-TIMING" Name="SRAM_timing_summary_opted.rpt"/>
  <File Type="PWROPT-DCP" Name="SRAM_pwropt.dcp"/>
  <File Type="PWROPT-TIMING" Name="SRAM_timing_summary_pwropted.rpt"/>
  <File Type="PLACE-DCP" Name="SRAM_placed.dcp"/>
  <File Type="PLACE-IO" Name="SRAM_io_placed.rpt"/>
  <File Type="PLACE-CLK" Name="SRAM_clock_utilization_placed.rpt"/>
  <File Type="PLACE-UTIL" Name="SRAM_utilization_placed.rpt"/>
  <File Type="PLACE-UTIL-PB" Name="SRAM_utilization_placed.pb"/>
  <File Type="PLACE-CTRL" Name="SRAM_control_sets_placed.rpt"/>
  <File Type="PLACE-SIMILARITY" Name="SRAM_incremental_reuse_placed.rpt"/>
  <File Type="PLACE-PRE-SIMILARITY" Name="SRAM_incremental_reuse_pre_placed.rpt"/>
  <File Type="PLACE-TIMING" Name="SRAM_timing_summary_placed.rpt"/>
  <File Type="POSTPLACE-PWROPT-DCP" Name="SRAM_postplace_pwropt.dcp"/>
  <File Type="POSTPLACE-PWROPT-TIMING" Name="SRAM_timing_summary_postplace_pwropted.rpt"/>
  <File Type="PHYSOPT-DCP" Name="SRAM_physopt.dcp"/>
  <File Type="PHYSOPT-DRC" Name="SRAM_drc_physopted.rpt"/>
  <File Type="PHYSOPT-TIMING" Name="SRAM_timing_summary_physopted.rpt"/>
  <File Type="ROUTE-ERROR-DCP" Name="SRAM_routed_error.dcp"/>
  <File Type="ROUTE-DCP" Name="SRAM_routed.dcp"/>
  <File Type="ROUTE-BLACKBOX-DCP" Name="SRAM_routed_bb.dcp"/>
  <File Type="ROUTE-DRC" Name="SRAM_drc_routed.rpt"/>
  <File Type="ROUTE-DRC-PB" Name="SRAM_drc_routed.pb"/>
  <File Type="BG-BIN" Name="SRAM.bin"/>
  <File Type="ROUTE-DRC-RPX" Name="SRAM_drc_routed.rpx"/>
  <File Type="BG-DRC" Name="SRAM.drc"/>
  <File Type="ROUTE-METHODOLOGY-DRC" Name="SRAM_methodology_drc_routed.rpt"/>
  <File Type="BITSTR-MSK" Name="SRAM.msk"/>
  <File Type="ROUTE-METHODOLOGY-DRC-RPX" Name="SRAM_methodology_drc_routed.rpx"/>
  <File Type="BG-BGN" Name="SRAM.bgn"/>
  <File Type="ROUTE-METHODOLOGY-DRC-PB" Name="SRAM_methodology_drc_routed.pb"/>
  <File Type="ROUTE-PWR" Name="SRAM_power_routed.rpt"/>
  <File Type="ROUTE-PWR-SUM" Name="SRAM_power_summary_routed.pb"/>
  <File Type="ROUTE-STATUS" Name="SRAM_route_status.rpt"/>
  <File Type="ROUTE-STATUS-PB" Name="SRAM_route_status.pb"/>
  <File Type="ROUTE-TIMINGSUMMARY" Name="SRAM_timing_summary_routed.rpt"/>
  <File Type="ROUTE-TIMING-PB" Name="SRAM_timing_summary_routed.pb"/>
  <File Type="ROUTE-TIMING-RPX" Name="SRAM_timing_summary_routed.rpx"/>
  <File Type="ROUTE-SIMILARITY" Name="SRAM_incremental_reuse_routed.rpt"/>
  <File Type="ROUTE-CLK" Name="SRAM_clock_utilization_routed.rpt"/>
  <File Type="POSTROUTE-PHYSOPT-DCP" Name="SRAM_postroute_physopt.dcp"/>
  <File Type="POSTROUTE-PHYSOPT-BLACKBOX-DCP" Name="SRAM_postroute_physopt_bb.dcp"/>
  <File Type="POSTROUTE-PHYSOPT-TIMING" Name="SRAM_timing_summary_postroute_physopted.rpt"/>
  <File Type="POSTROUTE-PHYSOPT-TIMING-PB" Name="SRAM_timing_summary_postroute_physopted.pb"/>
  <File Type="POSTROUTE-PHYSOPT-TIMING-RPX" Name="SRAM_timing_summary_postroute_physopted.rpx"/>
  <File Type="BG-BIT" Name="SRAM.bit"/>
  <File Type="BITSTR-RBT" Name="SRAM.rbt"/>
  <File Type="BITSTR-NKY" Name="SRAM.nky"/>
  <File Type="BITSTR-BMM" Name="SRAM_bd.bmm"/>
  <File Type="BITSTR-MMI" Name="SRAM.mmi"/>
  <File Type="BITSTR-SYSDEF" Name="SRAM.sysdef"/>
  <File Type="WBT-USG" Name="usage_statistics_webtalk.html"/>
  <FileSet Name="sources" Type="DesignSrcs" RelSrcDir="$PSRCDIR/sources_1">
    <Filter Type="Srcs"/>
    <File Path="$PSRCDIR/sources_1/new/SRAM.vhd">
      <FileInfo>
        <Attr Name="UsedIn" Val="synthesis"/>
        <Attr Name="UsedIn" Val="simulation"/>
      </FileInfo>
    </File>
    <Config>
      <Option Name="DesignMode" Val="RTL"/>
      <Option Name="TopModule" Val="SRAM"/>
      <Option Name="TopAutoSet" Val="TRUE"/>
    </Config>
  </FileSet>
  <FileSet Name="constrs_in" Type="Constrs" RelSrcDir="$PSRCDIR/constrs_1">
    <Filter Type="Constrs"/>
    <File Path="$PPRDIR/../PROJECTS_23_LEARNING_FILES/Tutorial/Basys3_Master.xdc">
      <FileInfo>
        <Attr Name="UsedIn" Val="synthesis"/>
        <Attr Name="UsedIn" Val="implementation"/>
      </FileInfo>
    </File>
    <Config>
      <Option Name="ConstrsType" Val="XDC"/>
    </Config>
  </FileSet>
  <Strategy Version="1" Minor="2">
    <StratHandle Name="Vivado Implementation Defaults" Flow="Vivado Implementation 2016"/>
    <Step Id="init_design"/>
    <Step Id="opt_design"/>
    <Step Id="power_opt_design"/>
    <Step Id="place_design"/>
    <Step Id="post_place_power_opt_design"/>
    <Step Id="phys_opt_design"/>
    <Step Id="route_design"/>
    <Step Id="post_route_phys_opt_design"/>
    <Step Id="write_bitstream"/>
  </Strategy>
</GenRun>
