<?xml version="1.0" encoding="UTF-8"?>
<GenRun Id="impl_1" LaunchPart="xc7a35tcsg324-3" LaunchTime="1492640202">
  <File Type="PWROPT-DRC" Name="RegisterFile_drc_pwropted.rpt"/>
  <File Type="OPT-METHODOLOGY-DRC" Name="RegisterFile_methodology_drc_opted.rpt"/>
  <File Type="INIT-TIMING" Name="RegisterFile_timing_summary_init.rpt"/>
  <File Type="ROUTE-PWR-RPX" Name="RegisterFile_power_routed.rpx"/>
  <File Type="PA-TCL" Name="RegisterFile.tcl"/>
  <File Type="OPT-HWDEF" Name="RegisterFile.hwdef"/>
  <File Type="RDI-RDI" Name="RegisterFile.vdi"/>
  <File Type="OPT-DCP" Name="RegisterFile_opt.dcp"/>
  <File Type="OPT-DRC" Name="RegisterFile_drc_opted.rpt"/>
  <File Type="OPT-TIMING" Name="RegisterFile_timing_summary_opted.rpt"/>
  <File Type="PWROPT-DCP" Name="RegisterFile_pwropt.dcp"/>
  <File Type="PWROPT-TIMING" Name="RegisterFile_timing_summary_pwropted.rpt"/>
  <File Type="PLACE-DCP" Name="RegisterFile_placed.dcp"/>
  <File Type="PLACE-IO" Name="RegisterFile_io_placed.rpt"/>
  <File Type="PLACE-CLK" Name="RegisterFile_clock_utilization_placed.rpt"/>
  <File Type="PLACE-UTIL" Name="RegisterFile_utilization_placed.rpt"/>
  <File Type="PLACE-UTIL-PB" Name="RegisterFile_utilization_placed.pb"/>
  <File Type="PLACE-CTRL" Name="RegisterFile_control_sets_placed.rpt"/>
  <File Type="PLACE-SIMILARITY" Name="RegisterFile_incremental_reuse_placed.rpt"/>
  <File Type="PLACE-PRE-SIMILARITY" Name="RegisterFile_incremental_reuse_pre_placed.rpt"/>
  <File Type="PLACE-TIMING" Name="RegisterFile_timing_summary_placed.rpt"/>
  <File Type="POSTPLACE-PWROPT-DCP" Name="RegisterFile_postplace_pwropt.dcp"/>
  <File Type="POSTPLACE-PWROPT-TIMING" Name="RegisterFile_timing_summary_postplace_pwropted.rpt"/>
  <File Type="PHYSOPT-DCP" Name="RegisterFile_physopt.dcp"/>
  <File Type="PHYSOPT-DRC" Name="RegisterFile_drc_physopted.rpt"/>
  <File Type="PHYSOPT-TIMING" Name="RegisterFile_timing_summary_physopted.rpt"/>
  <File Type="ROUTE-ERROR-DCP" Name="RegisterFile_routed_error.dcp"/>
  <File Type="ROUTE-DCP" Name="RegisterFile_routed.dcp"/>
  <File Type="ROUTE-BLACKBOX-DCP" Name="RegisterFile_routed_bb.dcp"/>
  <File Type="ROUTE-DRC" Name="RegisterFile_drc_routed.rpt"/>
  <File Type="ROUTE-DRC-PB" Name="RegisterFile_drc_routed.pb"/>
  <File Type="BG-BIN" Name="RegisterFile.bin"/>
  <File Type="ROUTE-DRC-RPX" Name="RegisterFile_drc_routed.rpx"/>
  <File Type="BG-DRC" Name="RegisterFile.drc"/>
  <File Type="ROUTE-METHODOLOGY-DRC" Name="RegisterFile_methodology_drc_routed.rpt"/>
  <File Type="BITSTR-MSK" Name="RegisterFile.msk"/>
  <File Type="ROUTE-METHODOLOGY-DRC-RPX" Name="RegisterFile_methodology_drc_routed.rpx"/>
  <File Type="BG-BGN" Name="RegisterFile.bgn"/>
  <File Type="ROUTE-METHODOLOGY-DRC-PB" Name="RegisterFile_methodology_drc_routed.pb"/>
  <File Type="ROUTE-PWR" Name="RegisterFile_power_routed.rpt"/>
  <File Type="ROUTE-PWR-SUM" Name="RegisterFile_power_summary_routed.pb"/>
  <File Type="ROUTE-STATUS" Name="RegisterFile_route_status.rpt"/>
  <File Type="ROUTE-STATUS-PB" Name="RegisterFile_route_status.pb"/>
  <File Type="ROUTE-TIMINGSUMMARY" Name="RegisterFile_timing_summary_routed.rpt"/>
  <File Type="ROUTE-TIMING-PB" Name="RegisterFile_timing_summary_routed.pb"/>
  <File Type="ROUTE-TIMING-RPX" Name="RegisterFile_timing_summary_routed.rpx"/>
  <File Type="ROUTE-SIMILARITY" Name="RegisterFile_incremental_reuse_routed.rpt"/>
  <File Type="ROUTE-CLK" Name="RegisterFile_clock_utilization_routed.rpt"/>
  <File Type="POSTROUTE-PHYSOPT-DCP" Name="RegisterFile_postroute_physopt.dcp"/>
  <File Type="POSTROUTE-PHYSOPT-BLACKBOX-DCP" Name="RegisterFile_postroute_physopt_bb.dcp"/>
  <File Type="POSTROUTE-PHYSOPT-TIMING" Name="RegisterFile_timing_summary_postroute_physopted.rpt"/>
  <File Type="POSTROUTE-PHYSOPT-TIMING-PB" Name="RegisterFile_timing_summary_postroute_physopted.pb"/>
  <File Type="POSTROUTE-PHYSOPT-TIMING-RPX" Name="RegisterFile_timing_summary_postroute_physopted.rpx"/>
  <File Type="BG-BIT" Name="RegisterFile.bit"/>
  <File Type="BITSTR-RBT" Name="RegisterFile.rbt"/>
  <File Type="BITSTR-NKY" Name="RegisterFile.nky"/>
  <File Type="BITSTR-BMM" Name="RegisterFile_bd.bmm"/>
  <File Type="BITSTR-MMI" Name="RegisterFile.mmi"/>
  <File Type="BITSTR-SYSDEF" Name="RegisterFile.sysdef"/>
  <File Type="WBT-USG" Name="usage_statistics_webtalk.html"/>
  <FileSet Name="sources" Type="DesignSrcs" RelSrcDir="$PSRCDIR/sources_1">
    <Filter Type="Srcs"/>
    <File Path="$PPRDIR/../PROJECTS_23_LEARNING_FILES/Tutorial/tutorial.vhd">
      <FileInfo>
        <Attr Name="UsedIn" Val="synthesis"/>
        <Attr Name="UsedIn" Val="simulation"/>
      </FileInfo>
    </File>
    <Config>
      <Option Name="DesignMode" Val="RTL"/>
      <Option Name="TopModule" Val="RegisterFile"/>
      <Option Name="TopAutoSet" Val="TRUE"/>
    </Config>
  </FileSet>
  <FileSet Name="constrs_in" Type="Constrs" RelSrcDir="$PSRCDIR/constrs_1">
    <Filter Type="Constrs"/>
    <File Path="$PSRCDIR/constrs_1/imports/Tutorial/Basys3_Master.xdc">
      <FileInfo>
        <Attr Name="ImportPath" Val="$PPRDIR/../Tutorial/Tutorial/Basys3_Master.xdc"/>
        <Attr Name="ImportTime" Val="1439238284"/>
        <Attr Name="UsedIn" Val="synthesis"/>
        <Attr Name="UsedIn" Val="implementation"/>
      </FileInfo>
    </File>
    <Config>
      <Option Name="ConstrsType" Val="XDC"/>
    </Config>
  </FileSet>
  <Strategy Version="1" Minor="2">
    <StratHandle Name="Vivado Implementation Defaults" Flow="Vivado Implementation 2016"/>
    <Step Id="init_design"/>
    <Step Id="opt_design"/>
    <Step Id="power_opt_design"/>
    <Step Id="place_design"/>
    <Step Id="post_place_power_opt_design"/>
    <Step Id="phys_opt_design"/>
    <Step Id="route_design"/>
    <Step Id="post_route_phys_opt_design"/>
    <Step Id="write_bitstream"/>
  </Strategy>
</GenRun>
